{"cameraMode":{"drawMode":0,"name":"Shaded","section":"Shading Mode"},"sceneLighting":false,"audioPlay":false,"sceneViewState":{"m_AlwaysRefresh":false,"showFog":true,"showSkybox":false,"showFlares":true,"showImageEffects":true,"showParticleSystems":true,"showVisualEffectGraphs":true,"m_FxEnabled":true},"in2DMode":false,"pivot":{"x":-0.09770232439041138,"y":1.2925164699554444,"z":-0.1037609875202179},"rotation":{"x":0.002680940553545952,"y":-0.9855472445487976,"z":0.1686687022447586,"w":0.015669604763388635},"size":1.7869677543640137,"orthographic":false}