{"cameraMode":{"drawMode":0,"name":"Shaded","section":"Shading Mode"},"sceneLighting":false,"audioPlay":false,"sceneViewState":{"m_AlwaysRefresh":false,"showFog":true,"showSkybox":false,"showFlares":true,"showImageEffects":true,"showParticleSystems":true,"showVisualEffectGraphs":true,"m_FxEnabled":true},"in2DMode":false,"pivot":{"x":-0.03415372967720032,"y":0.1763090044260025,"z":0.1529214084148407},"rotation":{"x":-0.02655045874416828,"y":-0.9733729362487793,"z":0.1545868068933487,"w":-0.16718855500221253},"size":1.6045655012130738,"orthographic":true}