{"cameraMode":{"drawMode":0,"name":"Shaded","section":"Shading Mode"},"sceneLighting":false,"audioPlay":false,"sceneViewState":{"m_AlwaysRefresh":false,"showFog":true,"showSkybox":false,"showFlares":true,"showImageEffects":true,"showParticleSystems":true,"showVisualEffectGraphs":true,"m_FxEnabled":true},"in2DMode":false,"pivot":{"x":-0.09724175184965134,"y":0.4526844024658203,"z":0.14570903778076173},"rotation":{"x":0.013131445273756981,"y":-0.9859500527381897,"z":0.0943441241979599,"w":0.1372288316488266},"size":1.4584157466888428,"orthographic":false}