{"cameraMode":{"drawMode":0,"name":"Shaded","section":"Shading Mode"},"sceneLighting":false,"audioPlay":false,"sceneViewState":{"m_AlwaysRefresh":false,"showFog":false,"showSkybox":false,"showFlares":false,"showImageEffects":false,"showParticleSystems":false,"showVisualEffectGraphs":true,"m_FxEnabled":true},"in2DMode":false,"pivot":{"x":0.000005125999450683594,"y":0.9956201314926148,"z":-0.013454943895339966},"rotation":{"x":0.14324961602687837,"y":0.8501599431037903,"z":-0.29634156823158266,"w":0.4109872281551361},"size":0.9567713141441345,"orthographic":false}