{"cameraMode":{"drawMode":0,"name":"Shaded","section":"Shading Mode"},"sceneLighting":false,"audioPlay":false,"sceneViewState":{"m_AlwaysRefresh":false,"showFog":true,"showSkybox":false,"showFlares":true,"showImageEffects":true,"showParticleSystems":true,"showVisualEffectGraphs":true,"m_FxEnabled":true},"in2DMode":false,"pivot":{"x":192.80284118652345,"y":0.6729364395141602,"z":-0.0016328096389770508},"rotation":{"x":0.12368714809417725,"y":0.41747546195983889,"z":-0.05746711045503616,"w":0.8984134197235107},"size":1.3062524795532227,"orthographic":false}