{"cameraMode":{"drawMode":0,"name":"Shaded","section":"Shading Mode"},"sceneLighting":false,"audioPlay":false,"sceneViewState":{"m_AlwaysRefresh":false,"showFog":true,"showSkybox":false,"showFlares":true,"showImageEffects":true,"showParticleSystems":true,"showVisualEffectGraphs":true,"m_FxEnabled":true},"in2DMode":false,"pivot":{"x":78.06304931640625,"y":5.398008823394775,"z":127.50081634521485},"rotation":{"x":0.1250460147857666,"y":-0.019345220178365709,"z":0.002441245364025235,"w":0.9919655323028565},"size":8.38166618347168,"orthographic":true}