{"cameraMode":{"drawMode":0,"name":"Shaded","section":"Shading Mode"},"sceneLighting":false,"audioPlay":false,"sceneViewState":{"m_AlwaysRefresh":false,"showFog":true,"showSkybox":false,"showFlares":true,"showImageEffects":true,"showParticleSystems":true,"showVisualEffectGraphs":true,"m_FxEnabled":true},"in2DMode":false,"pivot":{"x":214.09310913085938,"y":0.7293031811714172,"z":-0.139617919921875},"rotation":{"x":0.034110959619283679,"y":0.9627386927604675,"z":-0.14580829441547395,"w":0.22521668672561646},"size":2.6721160411834719,"orthographic":false}